<?xml version="1.0" encoding="UTF-8"?>
<feature
      id="org.eclipse.e4.rcp"
      label="%featureName"
      version="4.15.0.v20200304-0601"
      provider-name="%providerName">

   <description>
      %description
   </description>

   <copyright>
      %copyright
   </copyright>

   <license url="%licenseURL">
      %license
   </license>

   <requires>
      <import feature="org.eclipse.emf.common" version="2.7.0" match="compatible"/>
      <import feature="org.eclipse.emf.ecore" version="2.7.0" match="compatible"/>
   </requires>

   <plugin
         id="org.eclipse.e4.core.services"
         download-size="70"
         install-size="128"
         version="2.2.200.v20200127-0814"
         unpack="false"/>

   <plugin
         id="org.eclipse.e4.ui.workbench.swt"
         download-size="140"
         install-size="279"
         version="0.14.900.v20200213-1442"
         unpack="false"/>

   <plugin
         id="org.eclipse.e4.core.commands"
         download-size="25"
         install-size="45"
         version="0.12.900.v20200110-1732"
         unpack="false"/>

   <plugin
         id="org.eclipse.e4.ui.bindings"
         download-size="44"
         install-size="92"
         version="0.12.800.v20191216-0805"
         unpack="false"/>

   <plugin
         id="org.eclipse.e4.ui.model.workbench"
         download-size="393"
         install-size="1194"
         version="2.1.700.v20200113-1422"
         unpack="false"/>

   <plugin
         id="org.eclipse.e4.ui.services"
         download-size="24"
         install-size="38"
         version="1.3.700.v20190930-1643"
         unpack="false"/>

   <plugin
         id="org.eclipse.e4.ui.workbench.renderers.swt"
         download-size="245"
         install-size="557"
         version="0.14.1100.v20200217-1217"
         unpack="false"/>

   <plugin
         id="org.eclipse.e4.ui.workbench"
         download-size="247"
         install-size="530"
         version="1.11.200.v20200205-1503"
         unpack="false"/>

   <plugin
         id="org.eclipse.e4.ui.css.core"
         download-size="209"
         install-size="427"
         version="0.12.1000.v20200129-0903"
         unpack="false"/>

   <plugin
         id="org.eclipse.e4.ui.css.swt"
         download-size="245"
         install-size="516"
         version="0.13.900.v20200203-0840"
         unpack="false"/>

   <plugin
         id="org.apache.batik.css"
         download-size="351"
         install-size="709"
         version="1.11.0.v20190515-0436"
         unpack="false"/>

   <plugin
         id="org.w3c.css.sac"
         download-size="35"
         install-size="61"
         version="1.3.1.v200903091627"
         unpack="false"/>

   <plugin
         id="org.apache.batik.util"
         download-size="144"
         install-size="283"
         version="1.11.0.v20190515-0436"
         unpack="false"/>

   <plugin
         id="org.w3c.dom.svg"
         download-size="95"
         install-size="134"
         version="1.1.0.v201011041433"
         unpack="false"/>

   <plugin
         id="org.w3c.dom.smil"
         download-size="21"
         install-size="40"
         version="1.0.1.v200903091627"
         unpack="false"/>

   <plugin
         id="org.w3c.dom.events"
         download-size="15"
         install-size="22"
         version="3.0.0.draft20060413_v201105210656"
         unpack="false"/>

   <plugin
         id="javax.inject"
         download-size="14"
         install-size="24"
         version="1.0.0.v20091030"
         unpack="false"/>

   <plugin
         id="javax.annotation"
         download-size="28"
         install-size="58"
         version="1.2.0.v201602091430"
         unpack="false"/>

   <plugin
         id="org.eclipse.e4.core.di"
         download-size="51"
         install-size="106"
         version="1.7.500.v20190916-2125"
         unpack="false"/>

   <plugin
         id="org.eclipse.e4.core.contexts"
         download-size="47"
         install-size="93"
         version="1.8.400.v20191217-1710"
         unpack="false"/>

   <plugin
         id="org.apache.batik.i18n"
         download-size="23"
         install-size="44"
         version="1.11.0.v20190515-0436"
         unpack="false"/>

   <plugin
         id="org.apache.batik.constants"
         download-size="20"
         install-size="39"
         version="1.11.0.v20190515-0436"
         unpack="false"/>

   <plugin
         id="org.apache.xmlgraphics"
         download-size="702"
         install-size="1398"
         version="2.3.0.v20190515-0436"
         unpack="false"/>

   <plugin
         id="org.apache.commons.io"
         download-size="227"
         install-size="450"
         version="2.6.0.v20190123-2029"
         unpack="false"/>

   <plugin
         id="org.apache.commons.logging"
         download-size="71"
         install-size="145"
         version="1.2.0.v20180409-1502"
         unpack="false"/>

   <plugin
         id="org.eclipse.e4.core.di.extensions"
         download-size="11"
         install-size="14"
         version="0.15.500.v20200106-1259"
         unpack="false"/>

   <plugin
         id="org.eclipse.e4.ui.css.swt.theme"
         download-size="27"
         install-size="50"
         version="0.12.600.v20200124-0005"
         unpack="false"/>

   <plugin
         id="org.eclipse.e4.ui.di"
         download-size="16"
         install-size="23"
         version="1.2.800.v20200128-0855"
         unpack="false"/>

   <plugin
         id="org.eclipse.e4.ui.widgets"
         download-size="13"
         install-size="21"
         version="1.2.700.v20191222-1048"
         unpack="false"/>

   <plugin
         id="org.eclipse.e4.ui.workbench.renderers.swt.cocoa"
         os="macosx"
         ws="cocoa"
         download-size="30"
         install-size="54"
         version="0.12.500.v20200123-1115"
         fragment="true"
         unpack="false"/>

   <plugin
         id="org.eclipse.equinox.common"
         download-size="121"
         install-size="229"
         version="3.11.0.v20200206-0817"
         unpack="false"/>

   <plugin
         id="org.apache.felix.scr"
         download-size="406"
         install-size="938"
         version="2.1.16.v20200110-1820"
         unpack="false"/>

   <plugin
         id="org.eclipse.equinox.event"
         download-size="34"
         install-size="61"
         version="1.5.300.v20191001-1333"
         unpack="false"/>

   <plugin
         id="org.eclipse.core.commands"
         download-size="112"
         install-size="213"
         version="3.9.700.v20191217-1850"
         unpack="false"/>

   <plugin
         id="org.eclipse.core.contenttype"
         download-size="98"
         install-size="209"
         version="3.7.600.v20200124-1609"
         unpack="false"/>

   <plugin
         id="org.eclipse.core.databinding"
         download-size="172"
         install-size="403"
         version="1.8.0.v20200205-2008"
         unpack="false"/>

   <plugin
         id="org.eclipse.core.databinding.beans"
         download-size="91"
         install-size="262"
         version="1.6.100.v20191217-1850"
         unpack="false"/>

   <plugin
         id="org.eclipse.core.databinding.observable"
         download-size="303"
         install-size="718"
         version="1.9.0.v20200205-2119"
         unpack="false"/>

   <plugin
         id="org.eclipse.core.databinding.property"
         download-size="161"
         install-size="431"
         version="1.8.0.v20200124-0715"
         unpack="false"/>

   <plugin
         id="org.eclipse.core.expressions"
         download-size="92"
         install-size="181"
         version="3.6.700.v20200212-1751"
         unpack="false"/>

   <plugin
         id="org.eclipse.core.jobs"
         download-size="105"
         install-size="209"
         version="3.10.700.v20200106-1020"
         unpack="false"/>

   <plugin
         id="org.eclipse.core.runtime"
         download-size="72"
         install-size="155"
         version="3.17.100.v20200203-0917"
         unpack="false"/>

   <plugin
         id="org.eclipse.equinox.app"
         download-size="87"
         install-size="176"
         version="1.4.400.v20191212-0743"
         unpack="false"/>

   <plugin
         id="org.eclipse.equinox.launcher"
         download-size="51"
         install-size="93"
         version="1.5.700.v20200207-2156"
         unpack="false"/>

   <plugin
         id="com.ibm.icu"
         download-size="12929"
         install-size="28480"
         version="64.2.0.v20190507-1337"
         unpack="false"/>

   <plugin
         id="org.eclipse.equinox.preferences"
         download-size="129"
         install-size="265"
         version="3.7.700.v20191213-1901"
         unpack="false"/>

   <plugin
         id="org.eclipse.equinox.registry"
         download-size="189"
         install-size="398"
         version="3.8.700.v20200121-1457"
         unpack="false"/>

   <plugin
         id="org.eclipse.equinox.simpleconfigurator"
         download-size="44"
         install-size="83"
         version="1.3.500.v20200211-1505"
         unpack="false"/>

   <plugin
         id="org.eclipse.osgi"
         download-size="1443"
         install-size="3093"
         version="3.15.200.v20200214-1600"
         unpack="false"/>

   <plugin
         id="org.eclipse.osgi.compatibility.state"
         download-size="241"
         install-size="595"
         version="1.1.700.v20200207-2156"
         fragment="true"
         unpack="false"/>

   <plugin
         id="org.eclipse.osgi.services"
         download-size="125"
         install-size="201"
         version="3.8.0.v20190206-2147"
         unpack="false"/>

   <plugin
         id="org.eclipse.osgi.util"
         download-size="71"
         install-size="148"
         version="3.5.300.v20190708-1141"
         unpack="false"/>

   <plugin
         id="org.eclipse.equinox.launcher.cocoa.macosx.x86_64"
         os="macosx"
         ws="cocoa"
         arch="x86_64"
         download-size="40"
         install-size="88"
         version="1.1.1100.v20190907-0426"
         fragment="true"/>

   <plugin
         id="org.eclipse.equinox.launcher.gtk.linux.ppc64le"
         os="linux"
         ws="gtk"
         arch="ppc64le"
         download-size="76"
         install-size="253"
         version="1.1.1100.v20190907-0426"
         fragment="true"/>

   <plugin
         id="org.eclipse.equinox.launcher.gtk.linux.x86_64"
         os="linux"
         ws="gtk"
         arch="x86_64"
         download-size="69"
         install-size="166"
         version="1.1.1100.v20190907-0426"
         fragment="true"/>

   <plugin
         id="org.eclipse.equinox.launcher.win32.win32.x86_64"
         os="win32"
         ws="win32"
         arch="x86_64"
         download-size="80"
         install-size="161"
         version="1.1.1100.v20190907-0426"
         fragment="true"/>

   <plugin
         id="org.eclipse.swt"
         download-size="16"
         install-size="32"
         version="3.114.0.v20200304-0601"
         unpack="false"/>

   <plugin
         id="org.eclipse.swt.win32.win32.x86_64"
         os="win32"
         ws="win32"
         arch="x86_64"
         download-size="2401"
         install-size="5081"
         version="3.114.0.v20200304-0601"
         fragment="true"
         unpack="false"/>

   <plugin
         id="org.eclipse.swt.gtk.linux.ppc64le"
         os="linux"
         ws="gtk"
         arch="ppc64le"
         download-size="2024"
         install-size="5199"
         version="3.114.0.v20200304-0601"
         fragment="true"
         unpack="false"/>

   <plugin
         id="org.eclipse.swt.gtk.linux.x86_64"
         os="linux"
         ws="gtk"
         arch="x86_64"
         download-size="2010"
         install-size="4634"
         version="3.114.0.v20200304-0601"
         fragment="true"
         unpack="false"/>

   <plugin
         id="org.eclipse.swt.cocoa.macosx.x86_64"
         os="macosx"
         ws="cocoa"
         arch="x86_64"
         download-size="2102"
         install-size="4935"
         version="3.114.0.v20200304-0601"
         fragment="true"
         unpack="false"/>

   <plugin
         id="org.eclipse.jface"
         download-size="1094"
         install-size="2216"
         version="3.19.0.v20200218-1607"
         unpack="false"/>

   <plugin
         id="org.eclipse.jface.databinding"
         download-size="294"
         install-size="679"
         version="1.11.0.v20200205-2119"
         unpack="false"/>

   <plugin
         id="org.eclipse.e4.ui.workbench3"
         download-size="20"
         install-size="33"
         version="0.15.400.v20191216-0805"
         unpack="false"/>

   <plugin
         id="org.apache.felix.gogo.command"
         download-size="56"
         install-size="115"
         version="1.0.2.v20170914-1324"
         unpack="false"/>

   <plugin
         id="org.apache.felix.gogo.runtime"
         download-size="203"
         install-size="396"
         version="1.1.0.v20180713-1646"
         unpack="false"/>

   <plugin
         id="org.apache.felix.gogo.shell"
         download-size="67"
         install-size="135"
         version="1.1.0.v20180713-1646"
         unpack="false"/>

   <plugin
         id="org.eclipse.equinox.console"
         download-size="122"
         install-size="250"
         version="1.4.0.v20190819-1430"
         unpack="false"/>

   <plugin
         id="org.eclipse.e4.ui.workbench.addons.swt"
         download-size="115"
         install-size="249"
         version="1.3.800.v20191212-1231"
         unpack="false"/>

   <plugin
         id="org.eclipse.equinox.bidi"
         download-size="50"
         install-size="93"
         version="1.2.300.v20191213-1901"
         unpack="false"/>

   <plugin
         id="org.eclipse.e4.ui.dialogs"
         download-size="44"
         install-size="78"
         version="1.1.700.v20200201-1719"
         unpack="false"/>

   <plugin
         id="org.apache.commons.jxpath"
         download-size="317"
         install-size="658"
         version="1.3.0.v200911051830"
         unpack="false"/>

   <plugin
         id="org.eclipse.e4.emf.xpath"
         download-size="50"
         install-size="98"
         version="0.2.600.v20191216-0805"
         unpack="false"/>

   <plugin
         id="org.eclipse.e4.core.di.annotations"
         download-size="11"
         install-size="15"
         version="1.6.600.v20191216-2352"
         unpack="false"/>

   <plugin
         id="org.eclipse.e4.ui.swt.gtk"
         ws="gtk"
         download-size="10"
         install-size="14"
         version="1.0.600.v20190627-0755"
         fragment="true"
         unpack="false"/>

   <plugin
         id="org.eclipse.e4.core.di.extensions.supplier"
         download-size="34"
         install-size="67"
         version="0.15.500.v20200106-1259"
         unpack="false"/>

</feature>
