<?xml version="1.0" encoding="UTF-8"?>
<config date="1608199165948" transient="false">
	<site updateable="true" url="platform:/base/" enabled="true" policy="USER-EXCLUDE">
		<feature id="org.eclipse.equinox.p2.user.ui" version="2.4.700.v20200222-1600" url="features/org.eclipse.equinox.p2.user.ui_2.4.700.v20200222-1600/">
		</feature>
		<feature id="org.eclipse.ecf.filetransfer.httpclient45.feature" version="1.0.300.v20200217-0016" url="features/org.eclipse.ecf.filetransfer.httpclient45.feature_1.0.300.v20200217-0016/">
		</feature>
		<feature id="org.eclipse.ecf.filetransfer.ssl.feature" version="1.1.200.v20191024-1546" url="features/org.eclipse.ecf.filetransfer.ssl.feature_1.1.200.v20191024-1546/">
		</feature>
		<feature id="org.eclipse.rcp" version="4.15.0.v20200305-0155" url="features/org.eclipse.rcp_4.15.0.v20200305-0155/">
		</feature>
		<feature id="org.eclipse.equinox.p2.core.feature" version="1.6.500.v20200221-1022" url="features/org.eclipse.equinox.p2.core.feature_1.6.500.v20200221-1022/">
		</feature>
		<feature id="org.eclipse.mat.ui.rcp.feature" version="1.11.0.202012021418" url="features/org.eclipse.mat.ui.rcp.feature_1.11.0.202012021418/" plugin-identifier="org.eclipse.mat.ui.rcp">
		</feature>
		<feature id="org.eclipse.equinox.p2.extras.feature" version="1.4.700.v20200221-1022" url="features/org.eclipse.equinox.p2.extras.feature_1.4.700.v20200221-1022/">
		</feature>
		<feature id="org.eclipse.ecf.filetransfer.feature" version="3.14.700.v20200217-0016" url="features/org.eclipse.ecf.filetransfer.feature_3.14.700.v20200217-0016/">
		</feature>
		<feature id="org.eclipse.ecf.core.feature" version="1.5.500.v20200217-1548" url="features/org.eclipse.ecf.core.feature_1.5.500.v20200217-1548/">
		</feature>
		<feature id="org.eclipse.emf.common" version="2.18.0.v20191225-1014" url="features/org.eclipse.emf.common_2.18.0.v20191225-1014/">
		</feature>
		<feature id="org.eclipse.emf.ecore" version="2.21.0.v20200127-1342" url="features/org.eclipse.emf.ecore_2.21.0.v20200127-1342/">
		</feature>
		<feature id="org.eclipse.e4.rcp" version="4.15.0.v20200304-0601" url="features/org.eclipse.e4.rcp_4.15.0.v20200304-0601/">
		</feature>
		<feature id="org.eclipse.ecf.core.ssl.feature" version="1.1.300.v20191023-2007" url="features/org.eclipse.ecf.core.ssl.feature_1.1.300.v20191023-2007/">
		</feature>
		<feature id="org.eclipse.equinox.p2.rcp.feature" version="1.4.700.v20200222-1600" url="features/org.eclipse.equinox.p2.rcp.feature_1.4.700.v20200222-1600/">
		</feature>
		<feature id="org.eclipse.help" version="2.3.100.v20200305-0155" url="features/org.eclipse.help_2.3.100.v20200305-0155/" plugin-identifier="org.eclipse.help.base">
		</feature>
	</site>
</config>
